"LOGIN", "PASSWORD", "NOM", "PRENOM", "TELEPHONE", "SPECIALITE", "ID_ETABLISSEMENT"
t.mica, 07c04622386b8a8dadece4001efb55fa, MICA, Torres, 070390393, Dentiste, 1
d.raoult, e7aae212ea01f6f7e290de96bc870d8f, RAOULT, Andr√©, 0615478235, Epidemiologiste, 3
s.garcia, d216b90d3604905b47e99bd0cffb292a, GARCIA, Sergent, 0714523015,  Dentiste, 4
jl.lafaille, 166641844f4982835fd893152065a4ad, LAFAILLE, Jean-Luc, 0618523965, Generaliste, 4
l.duchene, bf672e5df548866eeef87316f1163f4b, DUCHENE, Louis, 0705213955, Pediatre, 3
jy.montastruc, e98b71339d424a5b5cdf0bdfa5a3ebdf, MONTASTRUC, Jean-Yves, 0777625143, Generaliste, 12
t.conge, eec8b2f945f8fff58a2cb18a0232bbbb, CONGE, Thierry, 0632514914, Generaliste, 11
c.conge, 2b7fa971232c21bcc56a38c81b071c80, CONGE, Colette, 0766320415, Generaliste, 11
d.house, 5dde1c28e53b6e64828e8fd761633766, HOUSE, Pierre, 0625320104, Neurologue, 5
l.aorte, 1770af52309f24f66b642f1d39e58e9b, AORTE, Loic, 0788232365, Cardiologue, 6